PG,SG,SF,PF,C,G,F,UTIL,,Instructions
,,,,,,,,,1. Locate the player you want to select in the list below 
,,,,,,,,,2. Copy the ID of your player (you can use the Name + ID column or the ID column) 
,,,,,,,,,3. Paste the ID into the roster position desired 
,,,,,,,,,4. You must include an ID for each player; you cannot use just the player's name 
,,,,,,,,,5. You can create up to 500 lineups per file 
 
,,,,,,,,,Position,Name + ID,Name,ID,Roster Position,Salary,Game Info,TeamAbbrev,AvgPointsPerGame
,,,,,,,,,PG/SF,LeBron James (14073724),LeBron James,14073724,PG/SF/F/G/UTIL,11200,NO@LAL 01/03/2020 10:30PM ET,LAL,56.06
,,,,,,,,,PG/SG,James Harden (14073729),James Harden,14073729,PG/SG/G/UTIL,10900,PHI@HOU 01/03/2020 08:00PM ET,HOU,62.72
,,,,,,,,,PF/C,Anthony Davis (14073733),Anthony Davis,14073733,PF/C/F/UTIL,10300,NO@LAL 01/03/2020 10:30PM ET,LAL,51.65
,,,,,,,,,PG,Damian Lillard (14073737),Damian Lillard,14073737,PG/G/UTIL,9700,POR@WAS 01/03/2020 07:00PM ET,POR,46.74
,,,,,,,,,C,Hassan Whiteside (14073740),Hassan Whiteside,14073740,C/UTIL,9500,POR@WAS 01/03/2020 07:00PM ET,POR,40.97
,,,,,,,,,C,Joel Embiid (14073742),Joel Embiid,14073742,C/UTIL,9400,PHI@HOU 01/03/2020 08:00PM ET,PHI,48.63
,,,,,,,,,PG,Trae Young (14073744),Trae Young,14073744,PG/G/UTIL,9200,ATL@BOS 01/03/2020 07:00PM ET,ATL,48.71
,,,,,,,,,PG,Russell Westbrook (14073747),Russell Westbrook,14073747,PG/G/UTIL,9000,PHI@HOU 01/03/2020 08:00PM ET,HOU,48.33
,,,,,,,,,SG,Bradley Beal (14073750),Bradley Beal,14073750,SG/G/UTIL,8500,POR@WAS 01/03/2020 07:00PM ET,WAS,46.46
,,,,,,,,,PG,Kemba Walker (14073753),Kemba Walker,14073753,PG/G/UTIL,8300,ATL@BOS 01/03/2020 07:00PM ET,BOS,38.97
,,,,,,,,,SF/PF,Jayson Tatum (14073756),Jayson Tatum,14073756,SF/PF/F/UTIL,8200,ATL@BOS 01/03/2020 07:00PM ET,BOS,38.98
,,,,,,,,,PG/SF,Ben Simmons (14073760),Ben Simmons,14073760,PG/SF/F/G/UTIL,8100,PHI@HOU 01/03/2020 08:00PM ET,PHI,41.02
,,,,,,,,,C,Nikola Vucevic (14073765),Nikola Vucevic,14073765,C/UTIL,8000,MIA@ORL 01/03/2020 07:00PM ET,ORL,41.56
,,,,,,,,,PG/SG,Devin Booker (14073767),Devin Booker,14073767,PG/SG/G/UTIL,7900,NY@PHO 01/03/2020 09:00PM ET,PHO,40.82
,,,,,,,,,SG/SF,Jimmy Butler (14073771),Jimmy Butler,14073771,SG/SF/F/G/UTIL,7800,MIA@ORL 01/03/2020 07:00PM ET,MIA,43.52
,,,,,,,,,SF/PF,Brandon Ingram (14073776),Brandon Ingram,14073776,SF/PF/F/UTIL,7800,NO@LAL 01/03/2020 10:30PM ET,NO,43.32
,,,,,,,,,SG/SF,Jaylen Brown (14073780),Jaylen Brown,14073780,SG/SF/F/G/UTIL,7700,ATL@BOS 01/03/2020 07:00PM ET,BOS,35.93
,,,,,,,,,PF/C,Julius Randle (14073785),Julius Randle,14073785,PF/C/F/UTIL,7700,NY@PHO 01/03/2020 09:00PM ET,NY,36.36
,,,,,,,,,C,Bam Adebayo (14073789),Bam Adebayo,14073789,C/UTIL,7600,MIA@ORL 01/03/2020 07:00PM ET,MIA,40.49
,,,,,,,,,PF/C,John Collins (14073791),John Collins,14073791,PF/C/F/UTIL,7500,ATL@BOS 01/03/2020 07:00PM ET,ATL,39.64
,,,,,,,,,PG/SG,Jrue Holiday (14073795),Jrue Holiday,14073795,PG/SG/G/UTIL,7400,NO@LAL 01/03/2020 10:30PM ET,NO,40.36
,,,,,,,,,C,Deandre Ayton (14073799),Deandre Ayton,14073799,C/UTIL,7300,NY@PHO 01/03/2020 09:00PM ET,PHO,36.06
,,,,,,,,,PG,Ricky Rubio (14073801),Ricky Rubio,14073801,PG/G/UTIL,7200,NY@PHO 01/03/2020 09:00PM ET,PHO,36.77
,,,,,,,,,PG/SG,CJ McCollum (14073804),CJ McCollum,14073804,PG/SG/G/UTIL,7100,POR@WAS 01/03/2020 07:00PM ET,POR,36.54
,,,,,,,,,SF/PF,Gordon Hayward (14073808),Gordon Hayward,14073808,SF/PF/F/UTIL,7000,ATL@BOS 01/03/2020 07:00PM ET,BOS,33.65
,,,,,,,,,C,Clint Capela (14073814),Clint Capela,14073814,C/UTIL,6900,PHI@HOU 01/03/2020 08:00PM ET,HOU,39.41
,,,,,,,,,C,Jusuf Nurkic (14073812),Jusuf Nurkic,14073812,C/UTIL,6900,POR@WAS 01/03/2020 07:00PM ET,POR,0
,,,,,,,,,SF/PF,Kelly Oubre Jr. (14073816),Kelly Oubre Jr.,14073816,SF/PF/F/UTIL,6800,NY@PHO 01/03/2020 09:00PM ET,PHO,32.84
,,,,,,,,,SF/PF,Carmelo Anthony (14073820),Carmelo Anthony,14073820,SF/PF/F/UTIL,6700,POR@WAS 01/03/2020 07:00PM ET,POR,29.18
,,,,,,,,,SF/PF,Tobias Harris (14073824),Tobias Harris,14073824,SF/PF/F/UTIL,6600,PHI@HOU 01/03/2020 08:00PM ET,PHI,35.21
,,,,,,,,,PG,Elfrid Payton (14073828),Elfrid Payton,14073828,PG/G/UTIL,6500,NY@PHO 01/03/2020 09:00PM ET,NY,24.44
,,,,,,,,,PF/C,Zion Williamson (14073831),Zion Williamson,14073831,PF/C/F/UTIL,6400,NO@LAL 01/03/2020 10:30PM ET,NO,0
,,,,,,,,,SF/PF,Jonathan Isaac (14073835),Jonathan Isaac,14073835,SF/PF/F/UTIL,6300,MIA@ORL 01/03/2020 07:00PM ET,ORL,30.70
,,,,,,,,,PF/C,Derrick Favors (14073839),Derrick Favors,14073839,PF/C/F/UTIL,6200,NO@LAL 01/03/2020 10:30PM ET,NO,26.85
,,,,,,,,,SG/SF,Evan Fournier (14073843),Evan Fournier,14073843,SG/SF/F/G/UTIL,6100,MIA@ORL 01/03/2020 07:00PM ET,ORL,30.21
,,,,,,,,,PG,Lonzo Ball (14073848),Lonzo Ball,14073848,PG/G/UTIL,6000,NO@LAL 01/03/2020 10:30PM ET,NO,28.14
,,,,,,,,,SG/SF,Josh Richardson (14073851),Josh Richardson,14073851,SG/SF/F/G/UTIL,5900,PHI@HOU 01/03/2020 08:00PM ET,PHI,27.76
,,,,,,,,,PF/C,Al Horford (14073862),Al Horford,14073862,PF/C/F/UTIL,5800,PHI@HOU 01/03/2020 08:00PM ET,PHI,30.52
,,,,,,,,,PG/SG,Jordan McRae (14073858),Jordan McRae,14073858,PG/SG/G/UTIL,5800,POR@WAS 01/03/2020 07:00PM ET,WAS,21.75
,,,,,,,,,C,Mitchell Robinson (14073856),Mitchell Robinson,14073856,C/UTIL,5800,NY@PHO 01/03/2020 09:00PM ET,NY,25.38
,,,,,,,,,SF/PF,Aaron Gordon (14073866),Aaron Gordon,14073866,SF/PF/F/UTIL,5700,MIA@ORL 01/03/2020 07:00PM ET,ORL,29.20
,,,,,,,,,SF/PF,Marcus Morris Sr. (14073870),Marcus Morris Sr.,14073870,SF/PF/F/UTIL,5600,NY@PHO 01/03/2020 09:00PM ET,NY,30.54
,,,,,,,,,C,Enes Kanter (14073874),Enes Kanter,14073874,C/UTIL,5500,ATL@BOS 01/03/2020 07:00PM ET,BOS,22.60
,,,,,,,,,SG/SF,Troy Brown (14073876),Troy Brown,14073876,SG/SF/F/G/UTIL,5400,POR@WAS 01/03/2020 07:00PM ET,WAS,22.23
,,,,,,,,,PG,Goran Dragic (14073881),Goran Dragic,14073881,PG/G/UTIL,5400,MIA@ORL 01/03/2020 07:00PM ET,MIA,28.56
,,,,,,,,,PG,Isaiah Thomas (14073884),Isaiah Thomas,14073884,PG/G/UTIL,5300,POR@WAS 01/03/2020 07:00PM ET,WAS,23.90
,,,,,,,,,SF/PF,Davis Bertans (14073891),Davis Bertans,14073891,SF/PF/F/UTIL,5200,POR@WAS 01/03/2020 07:00PM ET,WAS,28.23
,,,,,,,,,PG/SG,Kevin Huerter (14073887),Kevin Huerter,14073887,PG/SG/G/UTIL,5200,ATL@BOS 01/03/2020 07:00PM ET,ATL,21.98
,,,,,,,,,SF/PF,Kyle Kuzma (14073895),Kyle Kuzma,14073895,SF/PF/F/UTIL,5200,NO@LAL 01/03/2020 10:30PM ET,LAL,19.49
,,,,,,,,,C,Ian Mahinmi (14073903),Ian Mahinmi,14073903,C/UTIL,5100,POR@WAS 01/03/2020 07:00PM ET,WAS,20.73
,,,,,,,,,PG/SG,Marcus Smart (14073905),Marcus Smart,14073905,PG/SG/G/UTIL,5100,ATL@BOS 01/03/2020 07:00PM ET,BOS,26.33
,,,,,,,,,PG/SG,RJ Barrett (14073899),RJ Barrett,14073899,PG/SG/G/UTIL,5100,NY@PHO 01/03/2020 09:00PM ET,NY,26.54
,,,,,,,,,PG,D.J. Augustin (14073909),D.J. Augustin,14073909,PG/G/UTIL,5000,MIA@ORL 01/03/2020 07:00PM ET,ORL,22.29
,,,,,,,,,PF/C,Thomas Bryant (14073916),Thomas Bryant,14073916,PF/C/F/UTIL,4900,POR@WAS 01/03/2020 07:00PM ET,WAS,31.49
,,,,,,,,,PG/SG,Markelle Fultz (14073912),Markelle Fultz,14073912,PG/SG/G/UTIL,4900,MIA@ORL 01/03/2020 07:00PM ET,ORL,23.59
,,,,,,,,,PG/SF,Justise Winslow (14073920),Justise Winslow,14073920,PG/SF/F/G/UTIL,4900,MIA@ORL 01/03/2020 07:00PM ET,MIA,29.22
,,,,,,,,,PF/C,Rui Hachimura (14073925),Rui Hachimura,14073925,PF/C/F/UTIL,4800,POR@WAS 01/03/2020 07:00PM ET,WAS,25.17
,,,,,,,,,SF/PF,Danuel House Jr. (14073929),Danuel House Jr.,14073929,SF/PF/F/UTIL,4700,PHI@HOU 01/03/2020 08:00PM ET,HOU,22.07
,,,,,,,,,PF/C,Moritz Wagner (14073933),Moritz Wagner,14073933,PF/C/F/UTIL,4600,POR@WAS 01/03/2020 07:00PM ET,WAS,23.49
,,,,,,,,,PF/C,Isaiah Hartenstein (14073937),Isaiah Hartenstein,14073937,PF/C/F/UTIL,4500,PHI@HOU 01/03/2020 08:00PM ET,HOU,15.38
,,,,,,,,,PG/SG,Avery Bradley (14073941),Avery Bradley,14073941,PG/SG/G/UTIL,4500,NO@LAL 01/03/2020 10:30PM ET,LAL,15.01
,,,,,,,,,PG/SG,Kendrick Nunn (14073945),Kendrick Nunn,14073945,PG/SG/G/UTIL,4400,MIA@ORL 01/03/2020 07:00PM ET,MIA,27.24
,,,,,,,,,PG/SG,Gary Payton II (14073949),Gary Payton II,14073949,PG/SG/G/UTIL,4300,POR@WAS 01/03/2020 07:00PM ET,WAS,27.6
,,,,,,,,,C,Alex Len (14073956),Alex Len,14073956,C/UTIL,4300,ATL@BOS 01/03/2020 07:00PM ET,ATL,19.52
,,,,,,,,,PG,Rajon Rondo (14073953),Rajon Rondo,14073953,PG/G/UTIL,4300,NO@LAL 01/03/2020 10:30PM ET,LAL,21.56
,,,,,,,,,PG,Ish Smith (14073958),Ish Smith,14073958,PG/G/UTIL,4200,POR@WAS 01/03/2020 07:00PM ET,WAS,22.37
,,,,,,,,,SF/PF,De'Andre Hunter (14073963),De'Andre Hunter,14073963,SF/PF/F/UTIL,4200,ATL@BOS 01/03/2020 07:00PM ET,ATL,22.17
,,,,,,,,,C,Dwight Howard (14073967),Dwight Howard,14073967,C/UTIL,4200,NO@LAL 01/03/2020 10:30PM ET,LAL,19.55
,,,,,,,,,C,Aron Baynes (14073961),Aron Baynes,14073961,C/UTIL,4200,NY@PHO 01/03/2020 09:00PM ET,PHO,24.94
,,,,,,,,,PF/C,Bobby Portis (14073969),Bobby Portis,14073969,PF/C/F/UTIL,4100,NY@PHO 01/03/2020 09:00PM ET,NY,20.91
,,,,,,,,,SG/SF,Terrence Ross (14073973),Terrence Ross,14073973,SG/SF/F/G/UTIL,4000,MIA@ORL 01/03/2020 07:00PM ET,ORL,20.72
,,,,,,,,,SG/SF,Duncan Robinson (14073978),Duncan Robinson,14073978,SG/SF/F/G/UTIL,4000,MIA@ORL 01/03/2020 07:00PM ET,MIA,20.42
,,,,,,,,,SF/PF,P.J. Tucker (14073983),P.J. Tucker,14073983,SF/PF/F/UTIL,3900,PHI@HOU 01/03/2020 08:00PM ET,HOU,23.97
,,,,,,,,,SF/PF,Derrick Jones Jr. (14073992),Derrick Jones Jr.,14073992,SF/PF/F/UTIL,3900,MIA@ORL 01/03/2020 07:00PM ET,MIA,17.84
,,,,,,,,,C,Khem Birch (14074005),Khem Birch,14074005,C/UTIL,3900,MIA@ORL 01/03/2020 07:00PM ET,ORL,14.76
,,,,,,,,,PG/SG,Brandon Goodwin (14074001),Brandon Goodwin,14074001,PG/SG/G/UTIL,3900,ATL@BOS 01/03/2020 07:00PM ET,ATL,11.65
,,,,,,,,,PG/SG,Brad Wanamaker (14074007),Brad Wanamaker,14074007,PG/SG/G/UTIL,3900,ATL@BOS 01/03/2020 07:00PM ET,BOS,15.14
,,,,,,,,,SG/SF,Kentavious Caldwell-Pope (14073987),Kentavious Caldwell-Pope,14073987,SG/SF/F/G/UTIL,3900,NO@LAL 01/03/2020 10:30PM ET,LAL,17.02
,,,,,,,,,SG/SF,Josh Hart (14073996),Josh Hart,14073996,SG/SF/F/G/UTIL,3900,NO@LAL 01/03/2020 10:30PM ET,NO,23.64
,,,,,,,,,PG/SG,Anfernee Simons (14074011),Anfernee Simons,14074011,PG/SG/G/UTIL,3800,POR@WAS 01/03/2020 07:00PM ET,POR,15.97
,,,,,,,,,PF/C,Daniel Theis (14074015),Daniel Theis,14074015,PF/C/F/UTIL,3800,ATL@BOS 01/03/2020 07:00PM ET,BOS,20.52
,,,,,,,,,SG/SF,E'Twaun Moore (14074019),E'Twaun Moore,14074019,SG/SF/F/G/UTIL,3800,NO@LAL 01/03/2020 10:30PM ET,NO,17.99
,,,,,,,,,SG/SF,Mikal Bridges (14074024),Mikal Bridges,14074024,SG/SF/F/G/UTIL,3800,NY@PHO 01/03/2020 09:00PM ET,PHO,17.03
,,,,,,,,,SG/SF,Eric Gordon (14074029),Eric Gordon,14074029,SG/SF/F/G/UTIL,3700,PHI@HOU 01/03/2020 08:00PM ET,HOU,17.61
,,,,,,,,,PF/C,Kyle O'Quinn (14074055),Kyle O'Quinn,14074055,PF/C/F/UTIL,3700,PHI@HOU 01/03/2020 08:00PM ET,PHI,11.67
,,,,,,,,,SG,Tyler Herro (14074034),Tyler Herro,14074034,SG/G/UTIL,3700,MIA@ORL 01/03/2020 07:00PM ET,MIA,23.80
,,,,,,,,,SF/PF,Jabari Parker (14074037),Jabari Parker,14074037,SF/PF/F/UTIL,3700,ATL@BOS 01/03/2020 07:00PM ET,ATL,28.88
,,,,,,,,,SG/SF,Cam Reddish (14074041),Cam Reddish,14074041,SG/SF/F/G/UTIL,3700,ATL@BOS 01/03/2020 07:00PM ET,ATL,17.81
,,,,,,,,,SG/SF,Danny Green (14074050),Danny Green,14074050,SG/SF/F/G/UTIL,3700,NO@LAL 01/03/2020 10:30PM ET,LAL,18.37
,,,,,,,,,SF/PF,Dario Saric (14074046),Dario Saric,14074046,SF/PF/F/UTIL,3700,NY@PHO 01/03/2020 09:00PM ET,PHO,24.78
,,,,,,,,,SG/SF,Ben McLemore (14074059),Ben McLemore,14074059,SG/SF/F/G/UTIL,3600,PHI@HOU 01/03/2020 08:00PM ET,HOU,17.24
,,,,,,,,,PG/SG,Austin Rivers (14074064),Austin Rivers,14074064,PG/SG/G/UTIL,3500,PHI@HOU 01/03/2020 08:00PM ET,HOU,15.33
,,,,,,,,,SG/SF,Furkan Korkmaz (14074077),Furkan Korkmaz,14074077,SG/SF/F/G/UTIL,3500,PHI@HOU 01/03/2020 08:00PM ET,PHI,14.24
,,,,,,,,,SG/SF,Kent Bazemore (14074070),Kent Bazemore,14074070,SG/SF/F/G/UTIL,3500,POR@WAS 01/03/2020 07:00PM ET,POR,18.29
,,,,,,,,,C,Mohamed Bamba (14074075),Mohamed Bamba,14074075,C/UTIL,3500,MIA@ORL 01/03/2020 07:00PM ET,ORL,16.48
,,,,,,,,,C,JaVale McGee (14074068),JaVale McGee,14074068,C/UTIL,3500,NO@LAL 01/03/2020 10:30PM ET,LAL,18.97
,,,,,,,,,PG/SG,Trey Burke (14074086),Trey Burke,14074086,PG/SG/G/UTIL,3400,PHI@HOU 01/03/2020 08:00PM ET,PHI,13.52
,,,,,,,,,PF/C,Zach Collins (14074082),Zach Collins,14074082,PF/C/F/UTIL,3400,POR@WAS 01/03/2020 07:00PM ET,POR,17.83
,,,,,,,,,SG/SF,JJ Redick (14074090),JJ Redick,14074090,SG/SF/F/G/UTIL,3400,NO@LAL 01/03/2020 10:30PM ET,NO,23.80
,,,,,,,,,PG/SG,Shake Milton (14074095),Shake Milton,14074095,PG/SG/G/UTIL,3300,PHI@HOU 01/03/2020 08:00PM ET,PHI,6.89
,,,,,,,,,SF/PF,Semi Ojeleye (14074099),Semi Ojeleye,14074099,SF/PF/F/UTIL,3300,ATL@BOS 01/03/2020 07:00PM ET,BOS,6.91
,,,,,,,,,PG,Chris Clemons (14074105),Chris Clemons,14074105,PG/G/UTIL,3200,PHI@HOU 01/03/2020 08:00PM ET,HOU,8.46
,,,,,,,,,PF/C,Gary Clark (14074108),Gary Clark,14074108,PF/C/F/UTIL,3200,PHI@HOU 01/03/2020 08:00PM ET,HOU,9.11
,,,,,,,,,SF/PF,James Ennis III (14074134),James Ennis III,14074134,SF/PF/F/UTIL,3200,PHI@HOU 01/03/2020 08:00PM ET,PHI,14.17
,,,,,,,,,C,Anzejs Pasecniks (14074103),Anzejs Pasecniks,14074103,C/UTIL,3200,POR@WAS 01/03/2020 07:00PM ET,WAS,17.69
,,,,,,,,,PF/C,Meyers Leonard (14074112),Meyers Leonard,14074112,PF/C/F/UTIL,3200,MIA@ORL 01/03/2020 07:00PM ET,MIA,14.46
,,,,,,,,,PF/C,Amile Jefferson (14074138),Amile Jefferson,14074138,PF/C/F/UTIL,3200,MIA@ORL 01/03/2020 07:00PM ET,ORL,3.32
,,,,,,,,,SG/SF,DeAndre' Bembry (14074124),DeAndre' Bembry,14074124,SG/SF/F/G/UTIL,3200,ATL@BOS 01/03/2020 07:00PM ET,ATL,17.30
,,,,,,,,,SG/SF,Allen Crabbe (14074129),Allen Crabbe,14074129,SG/SF/F/G/UTIL,3200,ATL@BOS 01/03/2020 07:00PM ET,ATL,11.93
,,,,,,,,,PG/SG,Frank Ntilikina (14074116),Frank Ntilikina,14074116,PG/SG/G/UTIL,3200,NY@PHO 01/03/2020 09:00PM ET,NY,16.14
,,,,,,,,,SF/PF,Kevin Knox (14074120),Kevin Knox,14074120,SF/PF/F/UTIL,3200,NY@PHO 01/03/2020 09:00PM ET,NY,15.72
,,,,,,,,,PF/C,Johnathan Williams (14074142),Johnathan Williams,14074142,PF/C/F/UTIL,3100,POR@WAS 01/03/2020 07:00PM ET,WAS,12.75
,,,,,,,,,SG/SF,Wes Iwundu (14074146),Wes Iwundu,14074146,SG/SF/F/G/UTIL,3100,MIA@ORL 01/03/2020 07:00PM ET,ORL,8.85
,,,,,,,,,SF/PF,Vince Carter (14074159),Vince Carter,14074159,SF/PF/F/UTIL,3100,ATL@BOS 01/03/2020 07:00PM ET,ATL,10.76
,,,,,,,,,PF/C,Frank Kaminsky (14074151),Frank Kaminsky,14074151,PF/C/F/UTIL,3100,NY@PHO 01/03/2020 09:00PM ET,PHO,22.08
,,,,,,,,,PG/SG,Tyler Johnson (14074155),Tyler Johnson,14074155,PG/SG/G/UTIL,3100,NY@PHO 01/03/2020 09:00PM ET,PHO,12.82
,,,,,,,,,SG/SF,Reggie Bullock (14074163),Reggie Bullock,14074163,SG/SF/F/G/UTIL,3100,NY@PHO 01/03/2020 09:00PM ET,NY,15
,,,,,,,,,C,Norvel Pelle (14074181),Norvel Pelle,14074181,C/UTIL,3000,PHI@HOU 01/03/2020 08:00PM ET,PHI,8.75
,,,,,,,,,PG,Raul Neto (14074183),Raul Neto,14074183,PG/G/UTIL,3000,PHI@HOU 01/03/2020 08:00PM ET,PHI,8.47
,,,,,,,,,SF/PF,Mike Scott (14074229),Mike Scott,14074229,SF/PF/F/UTIL,3000,PHI@HOU 01/03/2020 08:00PM ET,PHI,12.08
,,,,,,,,,C,Tyson Chandler (14074290),Tyson Chandler,14074290,C/UTIL,3000,PHI@HOU 01/03/2020 08:00PM ET,HOU,6.53
,,,,,,,,,C,Nene Hilario (14074292),Nene Hilario,14074292,C/UTIL,3000,PHI@HOU 01/03/2020 08:00PM ET,HOU,0
,,,,,,,,,SG/SF,Gerald Green (14074294),Gerald Green,14074294,SG/SF/F/G/UTIL,3000,PHI@HOU 01/03/2020 08:00PM ET,HOU,0
,,,,,,,,,SF/PF,Thabo Sefolosha (14074299),Thabo Sefolosha,14074299,SF/PF/F/UTIL,3000,PHI@HOU 01/03/2020 08:00PM ET,HOU,6.48
,,,,,,,,,PG/SG,Michael Frazier (14074303),Michael Frazier,14074303,PG/SG/G/UTIL,3000,PHI@HOU 01/03/2020 08:00PM ET,HOU,0
,,,,,,,,,SF/PF,William Howard (14074307),William Howard,14074307,SF/PF/F/UTIL,3000,PHI@HOU 01/03/2020 08:00PM ET,HOU,0
,,,,,,,,,SG/SF,Marial Shayok (14074413),Marial Shayok,14074413,SG/SF/F/G/UTIL,3000,PHI@HOU 01/03/2020 08:00PM ET,PHI,0
,,,,,,,,,PF/C,Jonah Bolden (14074418),Jonah Bolden,14074418,PF/C/F/UTIL,3000,PHI@HOU 01/03/2020 08:00PM ET,PHI,1.75
,,,,,,,,,SG/SF,Matisse Thybulle (14074422),Matisse Thybulle,14074422,SG/SF/F/G/UTIL,3000,PHI@HOU 01/03/2020 08:00PM ET,PHI,12.4
,,,,,,,,,SG/SF,Zhaire Smith (14074427),Zhaire Smith,14074427,SG/SF/F/G/UTIL,3000,PHI@HOU 01/03/2020 08:00PM ET,PHI,0
,,,,,,,,,SG/SF,Garrison Mathews (14074190),Garrison Mathews,14074190,SG/SF/F/G/UTIL,3000,POR@WAS 01/03/2020 07:00PM ET,WAS,9.33
,,,,,,,,,SG,Gary Trent Jr. (14074200),Gary Trent Jr.,14074200,SG/G/UTIL,3000,POR@WAS 01/03/2020 07:00PM ET,POR,7.35
,,,,,,,,,PF/C,Anthony Tolliver (14074213),Anthony Tolliver,14074213,PF/C/F/UTIL,3000,POR@WAS 01/03/2020 07:00PM ET,POR,9.78
,,,,,,,,,PF/C,Skal Labissiere (14074217),Skal Labissiere,14074217,PF/C/F/UTIL,3000,POR@WAS 01/03/2020 07:00PM ET,POR,15.97
,,,,,,,,,SG/SF,C.J. Miles (14074243),C.J. Miles,14074243,SG/SF/F/G/UTIL,3000,POR@WAS 01/03/2020 07:00PM ET,WAS,12.85
,,,,,,,,,PG,John Wall (14074248),John Wall,14074248,PG/G/UTIL,3000,POR@WAS 01/03/2020 07:00PM ET,WAS,0
,,,,,,,,,SF/PF,Admiral Schofield (14074251),Admiral Schofield,14074251,SF/PF/F/UTIL,3000,POR@WAS 01/03/2020 07:00PM ET,WAS,6.61
,,,,,,,,,PG,Justin Robinson (14074255),Justin Robinson,14074255,PG/G/UTIL,3000,POR@WAS 01/03/2020 07:00PM ET,WAS,3.53
,,,,,,,,,SF,Isaac Bonga (14074258),Isaac Bonga,14074258,SF/F/UTIL,3000,POR@WAS 01/03/2020 07:00PM ET,WAS,10.28
,,,,,,,,,SG/SF,Rodney Hood (14074359),Rodney Hood,14074359,SG/SF/F/G/UTIL,3000,POR@WAS 01/03/2020 07:00PM ET,POR,19.90
,,,,,,,,,SF/PF,Mario Hezonja (14074364),Mario Hezonja,14074364,SF/PF/F/UTIL,3000,POR@WAS 01/03/2020 07:00PM ET,POR,11.94
,,,,,,,,,SF/PF,Jaylen Hoard (14074368),Jaylen Hoard,14074368,SF/PF/F/UTIL,3000,POR@WAS 01/03/2020 07:00PM ET,POR,4.15
,,,,,,,,,C,Moses Brown (14074372),Moses Brown,14074372,C/UTIL,3000,POR@WAS 01/03/2020 07:00PM ET,POR,3.92
,,,,,,,,,SF/PF,Nassir Little (14074374),Nassir Little,14074374,SF/PF/F/UTIL,3000,POR@WAS 01/03/2020 07:00PM ET,POR,9.38
,,,,,,,,,SG/SF,Melvin Frazier (14074168),Melvin Frazier,14074168,SG/SF/F/G/UTIL,3000,MIA@ORL 01/03/2020 07:00PM ET,ORL,2.31
,,,,,,,,,PG/SG,Michael Carter-Williams (14074205),Michael Carter-Williams,14074205,PG/SG/G/UTIL,3000,MIA@ORL 01/03/2020 07:00PM ET,ORL,14.84
,,,,,,,,,SF/PF,James Johnson (14074221),James Johnson,14074221,SF/PF/F/UTIL,3000,MIA@ORL 01/03/2020 07:00PM ET,MIA,8.12
,,,,,,,,,PF/C,Kelly Olynyk (14074225),Kelly Olynyk,14074225,PF/C/F/UTIL,3000,MIA@ORL 01/03/2020 07:00PM ET,MIA,17.60
,,,,,,,,,SF/PF,Al-Farouq Aminu (14074261),Al-Farouq Aminu,14074261,SF/PF/F/UTIL,3000,MIA@ORL 01/03/2020 07:00PM ET,ORL,14.94
,,,,,,,,,SG/SF,B.J. Johnson (14074265),B.J. Johnson,14074265,SG/SF/F/G/UTIL,3000,MIA@ORL 01/03/2020 07:00PM ET,ORL,0
,,,,,,,,,PG,Josh Magette (14074270),Josh Magette,14074270,PG/G/UTIL,3000,MIA@ORL 01/03/2020 07:00PM ET,ORL,3.25
,,,,,,,,,PF,Udonis Haslem (14074378),Udonis Haslem,14074378,PF/F/UTIL,3000,MIA@ORL 01/03/2020 07:00PM ET,MIA,4.38
,,,,,,,,,SG/SF,Dion Waiters (14074381),Dion Waiters,14074381,SG/SF/F/G/UTIL,3000,MIA@ORL 01/03/2020 07:00PM ET,MIA,0
,,,,,,,,,C,Chris Silva (14074386),Chris Silva,14074386,C/UTIL,3000,MIA@ORL 01/03/2020 07:00PM ET,MIA,9.82
,,,,,,,,,PG/SG,Daryl Macon (14074388),Daryl Macon,14074388,PG/SG/G/UTIL,3000,MIA@ORL 01/03/2020 07:00PM ET,MIA,1
,,,,,,,,,SF/PF,KZ Okpala (14074392),KZ Okpala,14074392,SF/PF/F/UTIL,3000,MIA@ORL 01/03/2020 07:00PM ET,MIA,0.25
,,,,,,,,,SG/SF,Romeo Langford (14074195),Romeo Langford,14074195,SG/SF/F/G/UTIL,3000,ATL@BOS 01/03/2020 07:00PM ET,BOS,5.89
,,,,,,,,,SF/PF,Grant Williams (14074209),Grant Williams,14074209,SF/PF/F/UTIL,3000,ATL@BOS 01/03/2020 07:00PM ET,BOS,8.67
,,,,,,,,,SG,Javonte Green (14074273),Javonte Green,14074273,SG/G/UTIL,3000,ATL@BOS 01/03/2020 07:00PM ET,BOS,5.57
,,,,,,,,,C,Tacko Fall (14074276),Tacko Fall,14074276,C/UTIL,3000,ATL@BOS 01/03/2020 07:00PM ET,BOS,8.08
,,,,,,,,,PG,Carsen Edwards (14074278),Carsen Edwards,14074278,PG/G/UTIL,3000,ATL@BOS 01/03/2020 07:00PM ET,BOS,7.32
,,,,,,,,,PF/C,Robert Williams (14074281),Robert Williams,14074281,PF/C/F/UTIL,3000,ATL@BOS 01/03/2020 07:00PM ET,BOS,14.86
,,,,,,,,,PG,Tremont Waters (14074285),Tremont Waters,14074285,PG/G/UTIL,3000,ATL@BOS 01/03/2020 07:00PM ET,BOS,8.67
,,,,,,,,,C,Vincent Poirier (14074288),Vincent Poirier,14074288,C/UTIL,3000,ATL@BOS 01/03/2020 07:00PM ET,BOS,4.97
,,,,,,,,,PG/SG,Evan Turner (14074396),Evan Turner,14074396,PG/SG/G/UTIL,3000,ATL@BOS 01/03/2020 07:00PM ET,ATL,9.92
,,,,,,,,,SF/PF,Chandler Parsons (14074400),Chandler Parsons,14074400,SF/PF/F/UTIL,3000,ATL@BOS 01/03/2020 07:00PM ET,ATL,7.55
,,,,,,,,,C,Damian Jones (14074404),Damian Jones,14074404,C/UTIL,3000,ATL@BOS 01/03/2020 07:00PM ET,ATL,14.65
,,,,,,,,,SG/SF,Charlie Brown (14074406),Charlie Brown,14074406,SG/SF/F/G/UTIL,3000,ATL@BOS 01/03/2020 07:00PM ET,ATL,3.31
,,,,,,,,,C,Bruno Fernando (14074411),Bruno Fernando,14074411,C/UTIL,3000,ATL@BOS 01/03/2020 07:00PM ET,ATL,9.92
,,,,,,,,,C,Jaxson Hayes (14074203),Jaxson Hayes,14074203,C/UTIL,3000,NO@LAL 01/03/2020 10:30PM ET,NO,18.48
,,,,,,,,,C,Jahlil Okafor (14074241),Jahlil Okafor,14074241,C/UTIL,3000,NO@LAL 01/03/2020 10:30PM ET,NO,17.14
,,,,,,,,,SF/PF,Jared Dudley (14074330),Jared Dudley,14074330,SF/PF/F/UTIL,3000,NO@LAL 01/03/2020 10:30PM ET,LAL,4.41
,,,,,,,,,PF,DeMarcus Cousins (14074334),DeMarcus Cousins,14074334,PF/F/UTIL,3000,NO@LAL 01/03/2020 10:30PM ET,LAL,0
,,,,,,,,,SG,Troy Daniels (14074337),Troy Daniels,14074337,SG/G/UTIL,3000,NO@LAL 01/03/2020 10:30PM ET,LAL,7.18
,,,,,,,,,PG,Quinn Cook (14074340),Quinn Cook,14074340,PG/G/UTIL,3000,NO@LAL 01/03/2020 10:30PM ET,LAL,8.65
,,,,,,,,,PG/SG,Alex Caruso (14074343),Alex Caruso,14074343,PG/SG/G/UTIL,3000,NO@LAL 01/03/2020 10:30PM ET,LAL,12.99
,,,,,,,,,PF,Devontae Cacok (14074347),Devontae Cacok,14074347,PF/F/UTIL,3000,NO@LAL 01/03/2020 10:30PM ET,LAL,0
,,,,,,,,,SF/PF,Kostas Antetokounmpo (14074350),Kostas Antetokounmpo,14074350,SF/PF/F/UTIL,3000,NO@LAL 01/03/2020 10:30PM ET,LAL,0.62
,,,,,,,,,SG/SF,Talen Horton-Tucker (14074354),Talen Horton-Tucker,14074354,SG/SF/F/G/UTIL,3000,NO@LAL 01/03/2020 10:30PM ET,LAL,2.5
,,,,,,,,,SF/PF,Darius Miller (14074453),Darius Miller,14074453,SF/PF/F/UTIL,3000,NO@LAL 01/03/2020 10:30PM ET,NO,0
,,,,,,,,,PG,Josh Gray (14074457),Josh Gray,14074457,PG/G/UTIL,3000,NO@LAL 01/03/2020 10:30PM ET,NO,2.5
,,,,,,,,,SF/PF,Kenrich Williams (14074460),Kenrich Williams,14074460,SF/PF/F/UTIL,3000,NO@LAL 01/03/2020 10:30PM ET,NO,16.09
,,,,,,,,,SF/PF,Zylan Cheatham (14074464),Zylan Cheatham,14074464,SF/PF/F/UTIL,3000,NO@LAL 01/03/2020 10:30PM ET,NO,3.38
,,,,,,,,,PG/SG,Frank Jackson (14074468),Frank Jackson,14074468,PG/SG/G/UTIL,3000,NO@LAL 01/03/2020 10:30PM ET,NO,9.27
,,,,,,,,,PG/SG,Nickeil Alexander-Walker (14074472),Nickeil Alexander-Walker,14074472,PG/SG/G/UTIL,3000,NO@LAL 01/03/2020 10:30PM ET,NO,11.68
,,,,,,,,,PF/C,Nicolo Melli (14074476),Nicolo Melli,14074476,PF/C/F/UTIL,3000,NO@LAL 01/03/2020 10:30PM ET,NO,11.07
,,,,,,,,,SF/PF,Cameron Johnson (14074173),Cameron Johnson,14074173,SF/PF/F/UTIL,3000,NY@PHO 01/03/2020 09:00PM ET,PHO,16.36
,,,,,,,,,PG/SG,Elie Okobo (14074177),Elie Okobo,14074177,PG/SG/G/UTIL,3000,NY@PHO 01/03/2020 09:00PM ET,PHO,10.85
,,,,,,,,,PF/C,Taj Gibson (14074186),Taj Gibson,14074186,PF/C/F/UTIL,3000,NY@PHO 01/03/2020 09:00PM ET,NY,12.82
,,,,,,,,,SG/SF,Damyean Dotson (14074233),Damyean Dotson,14074233,SG/SF/F/G/UTIL,3000,NY@PHO 01/03/2020 09:00PM ET,NY,11.69
,,,,,,,,,PG,Dennis Smith Jr. (14074238),Dennis Smith Jr.,14074238,PG/G/UTIL,3000,NY@PHO 01/03/2020 09:00PM ET,NY,13.07
,,,,,,,,,PG/SG,Jevon Carter (14074311),Jevon Carter,14074311,PG/SG/G/UTIL,3000,NY@PHO 01/03/2020 09:00PM ET,PHO,10.31
,,,,,,,,,PF/C,Cheick Diallo (14074315),Cheick Diallo,14074315,PF/C/F/UTIL,3000,NY@PHO 01/03/2020 09:00PM ET,PHO,9.73
,,,,,,,,,PG/SG,Ty Jerome (14074319),Ty Jerome,14074319,PG/SG/G/UTIL,3000,NY@PHO 01/03/2020 09:00PM ET,PHO,11.68
,,,,,,,,,PG,Jared Harper (14074323),Jared Harper,14074323,PG/G/UTIL,3000,NY@PHO 01/03/2020 09:00PM ET,PHO,0
,,,,,,,,,PG/SG,Jalen Lecque (14074326),Jalen Lecque,14074326,PG/SG/G/UTIL,3000,NY@PHO 01/03/2020 09:00PM ET,PHO,0
,,,,,,,,,SG/SF,Wayne Ellington (14074432),Wayne Ellington,14074432,SG/SF/F/G/UTIL,3000,NY@PHO 01/03/2020 09:00PM ET,NY,8.65
,,,,,,,,,PG/SG,Kadeem Allen (14074437),Kadeem Allen,14074437,PG/SG/G/UTIL,3000,NY@PHO 01/03/2020 09:00PM ET,NY,7.25
,,,,,,,,,PG/SG,Allonzo Trier (14074441),Allonzo Trier,14074441,PG/SG/G/UTIL,3000,NY@PHO 01/03/2020 09:00PM ET,NY,11.41
,,,,,,,,,PF/C,Ivan Rabb (14074445),Ivan Rabb,14074445,PF/C/F/UTIL,3000,NY@PHO 01/03/2020 09:00PM ET,NY,0
,,,,,,,,,SF/PF,Ignas Brazdeikis (14074449),Ignas Brazdeikis,14074449,SF/PF/F/UTIL,3000,NY@PHO 01/03/2020 09:00PM ET,NY,3.09
